lat,lon,type
32.06841073097707,34.77862401507874,3
32.059431050843614,34.78908834757587,3
32.08981979598853,34.77885278407669,5
32.06947259998937,34.79817589146519,4
32.05966883996455,34.79007617591805,5
32.061897452710184,34.77646589236272,2
32.09040184460541,34.79332039897051,4
32.088633546846914,34.78762889890584,5
32.068406753237184,34.789948297159604,3
32.068406753237184,34.789948297159604,4
32.057164954264124,34.783910688359285,5
32.088018646970276,34.79559653676064,5
32.05273361961449,34.78781003492969,3
32.08653028256095,34.77402057155383,1
32.08653028256095,34.77402057155383,2
32.0865635380849,34.78833021916991,1
32.09008458948531,34.77422049660792,1
32.08937250935789,34.797995957875465,4
32.08777462574305,34.7941187541951,1
32.05744160052994,34.794507337903376,2
32.08118348298796,34.795051044667616,3
32.07765308478326,34.78902276704637,5
32.06558457522068,34.79550925611173,1
32.06558457522068,34.79550925611173,5
32.08873201725734,34.787665584689634,2
32.07694730097126,34.789656188761754,1
32.08377205760518,34.79528340481398,2
32.08212303262173,34.79326408554538,4
32.08212303262173,34.79326408554538,5
32.09430046310822,34.79431956039512,1
32.08864977399117,34.78364211057653,5
32.060438515525284,34.78757192867598,4
32.06295637100253,34.77866791070988,4
32.06295637100253,34.77866791070988,3
32.076008434952506,34.78580387144584,3
32.05092952084939,34.783925407949,2
32.05653114780905,34.77932662374168,1
32.075519624127374,34.78793748567219,1
32.075519624127374,34.78793748567219,3
32.09025750557253,34.78696254603333,2
32.09448774123381,34.77408308033305,2
32.084397898664015,34.78532811203676,5
32.05303939465533,34.79701151885498,1
32.05303939465533,34.79701151885498,3
32.05965662220682,34.79015286611607,3
32.075299702061734,34.78675742856622,5
32.06053573388418,34.78304080209952,2
32.09421394094584,34.79878334134259,5
32.09421394094584,34.79878334134259,2
32.08811766123484,34.776312414199836,2
32.074714081344695,34.797145599377906,4
32.08436270322932,34.781744503970835,4
32.084229461213354,34.78206853992274,2
32.084229461213354,34.78206853992274,3
32.09476793191089,34.785279384554464,1
32.057091509452036,34.78100782591336,4
32.05853803751052,34.783824549154865,4
32.09507443252371,34.77833891667053,1
32.09507443252371,34.77833891667053,3
32.0825909840287,34.794335268144344,3
32.09484399172033,34.78874800744334,2
32.08483107413154,34.7865922711243,1
32.06413119243738,34.79878127063759,3
32.06413119243738,34.79878127063759,2
32.04984012397262,34.77554354248039,2
32.07140127228976,34.77527804374943,3
32.06173831363022,34.7897507142084,3
32.06649333347553,34.79629762269117,4
32.06649333347553,34.79629762269117,5
32.054325166318755,34.78413869083762,1
32.05043571592807,34.774277549474206,1
32.060953584077076,34.78531995384412,2
32.08955952742001,34.797722400095964,3
32.08955952742001,34.797722400095964,2
32.06332353403303,34.78247717285283,3
32.08909591843748,34.79621818583619,3
32.07809990635469,34.787915978216354,3
32.05227443851329,34.79481278631043,1
32.05227443851329,34.79481278631043,2
32.06285302338036,34.79645702753145,2
32.07127798180515,34.792617424287926,2
32.06070213347209,34.79512213540234,5
32.095480745387285,34.79850554178517,5
32.064529812678416,34.78184234729474,2
32.073078632126425,34.77534397617356,3
32.09226544707393,34.79510629300976,3
32.088382042206554,34.788455951409205,1
32.088382042206554,34.788455951409205,2
32.075341147296015,34.79114796829889,2
32.08746613616353,34.78433462524832,1
32.08497919126221,34.780677024010494,1
32.07252675874405,34.777841888275724,3
32.08834098904996,34.78447980102638,2
32.05772446720036,34.781679889693955,2
32.089651046491696,34.79409863350376,5
32.090580005963005,34.79431189438164,4
32.090580005963005,34.79431189438164,1
32.06971590581477,34.79396994894301,3
32.09496338810224,34.79663319635321,4
32.09080643269425,34.79168692981148,5
32.059493613606165,34.78063446102198,2
32.07298351002976,34.79178313466364,5
32.06211924350155,34.78031341636146,4
32.07925545344059,34.788811188570286,1
32.054583880774366,34.79333149710607,5
32.054583880774366,34.79333149710607,4
32.058715088710024,34.77937395309904,2
32.09051931245435,34.78111745621785,3
32.09547734355169,34.79050214132045,4
32.06656579516647,34.78563738835865,3
32.06656579516647,34.78563738835865,2
32.07634024975896,34.78665438225896,1
32.07881089750895,34.78167767804625,1
32.05909446733594,34.785648926732364,4
32.057295331271575,34.790966953989475,5
32.057295331271575,34.790966953989475,4
32.09363292494302,34.79740703387342,1
32.07538817147467,34.7951492466959,3
32.05383704898734,34.79103670003461,3
32.06847122856901,34.77663277276898,5
32.06847122856901,34.77663277276898,2
32.0713402251646,34.794980749462084,5
32.07446406680889,34.78604798354439,2
32.08219042785946,34.789462140518374,1
32.09266733525962,34.779094721432514,5
32.09266733525962,34.779094721432514,2
32.05360385784247,34.78778575831558,2
32.0496376734879,34.793143832858554,3
32.05352638295438,34.77823932338176,2
32.06317334065259,34.79548978130339,5
32.06317334065259,34.79548978130339,1
32.063645555572464,34.79416154130777,3
32.05054278890135,34.7819395700071,5
32.05143646399822,34.77955225409685,3
32.06587565906268,34.789378931706004,1
32.06587565906268,34.789378931706004,4
32.05928245589765,34.79059323960921,4
32.08803090309214,34.77998480443868,1
32.0517367358976,34.7958811721157,5
32.08021412506346,34.78410493129104,5
32.08021412506346,34.78410493129104,4
32.05936033109656,34.78664054038567,5
32.05132197724229,34.7836147664126,1
32.05037701522813,34.79189279293867,2
32.07190922275649,34.774818873568314,3
32.07190922275649,34.774818873568314,5
32.08116639449459,34.7957953082661,1
32.08138723964615,34.78267929595459,3
32.063169198692705,34.79524280280638,5
32.06272491694393,34.79761804262751,3
32.06272491694393,34.79761804262751,2
32.06149567702805,34.7897209103871,5
32.08332644281353,34.78114874103409,4
32.057348690043604,34.78636843391538,3
32.076482707625296,34.77581726583386,2
32.076482707625296,34.77581726583386,4
32.06972659945326,34.776930689371206,5
32.07049712677201,34.77430240708527,4
32.05960889782651,34.79795668290074,3
32.078114200788136,34.790957256800056,4
32.078114200788136,34.790957256800056,3
32.086381601312475,34.79459623419259,2
32.05698570607487,34.79070690281054,1
32.051794164389115,34.78682812217243,5
32.05178671509218,34.798788350926436,5
32.05178671509218,34.798788350926436,2
32.06172218463593,34.78400197098946,1
32.06028091821545,34.79691739454148,5
32.084519718586,34.79045461399756,4
32.052966110513566,34.795517732993055,5
32.052966110513566,34.795517732993055,4
32.06122131621816,34.78159825050737,3
32.091890432327496,34.79459758526841,3
32.09565192740704,34.79814344973391,1
32.05691342208729,34.78140286576437,2
32.05691342208729,34.78140286576437,3
32.06604479800517,34.785680721908456,4
32.08929976835117,34.7780640638749,3
32.072008784919106,34.79203731008274,1
32.092903655514135,34.7979183749545,2
32.092903655514135,34.7979183749545,4
32.09421644581623,34.781760682037536,1
32.095837495016674,34.791955303871205,2
32.070872093343816,34.7980583756553,3
32.07100453972945,34.79230905402232,4
32.07100453972945,34.79230905402232,5
32.08584380668955,34.77415765677368,5
32.08938732998162,34.797458390100026,4
32.05230837764438,34.789331914043714,4
32.08991174309901,34.78353386107488,5
32.08991174309901,34.78353386107488,4
32.059732414198294,34.782477526687046,1
32.0858461250556,34.78485730799549,2
32.058962002518555,34.77418287613657,2
32.05433391142905,34.78795836863679,2
32.05433391142905,34.78795836863679,5
32.08280902735463,34.78481531064962,3
32.085091154527014,34.79878071840526,3
32.06605698539198,34.79307590339437,1
32.06918102938181,34.79728604995766,2
32.06918102938181,34.79728604995766,3
32.0922033919754,34.79801737582266,1
32.051131896810226,34.784923241017395,2
32.055628725503944,34.77412148308901,5
32.078786657615204,34.79505999131501,2
32.078786657615204,34.79505999131501,3
32.09170606458729,34.78347331610996,5
32.058054612607954,34.77747859154941,2
32.05941186806265,34.77899658024378,5
32.07150257044095,34.790678021566855,2
32.07150257044095,34.790678021566855,4
32.052993354817154,34.784892091418975,5
32.07226563755924,34.79846670271092,5
32.05226620168323,34.777860262608925,1
32.065243011414175,34.79200477381723,5
32.065243011414175,34.79200477381723,2
32.094431880106285,34.79636104352009,4
32.07198633993405,34.79283409052497,5
32.080240724278376,34.79754186550725,1
32.0765072742097,34.77866859762273,2
32.06073644595472,34.784101028051175,4
32.06869980254491,34.7775547623464,2
32.0931216234347,34.77869276149292,2
32.08782021202336,34.776070098254614,3
32.08782021202336,34.776070098254614,1
32.077190713771735,34.77818898655035,5
32.07810485004244,34.79495685942649,1
32.06660722004085,34.79400846505664,4
32.05369871854515,34.77405078758026,1
32.05369871854515,34.77405078758026,4
32.08280638261079,34.790379654212295,5
32.0749264468098,34.79214306107987,5
32.0794266425409,34.77531032480367,5
32.08566008328941,34.77836392367583,1
32.08806230627007,34.790034185284625,3
32.05491336837983,34.78526757961443,3
32.09125085100869,34.783592784199776,3
32.08191388869453,34.78100084575621,3
32.08191388869453,34.78100084575621,1
32.08768621473102,34.79287533106744,5
32.06091940015106,34.78869914744519,3
32.08755584044074,34.795585257352606,3
32.07944771578588,34.774286256962206,3
32.09067755975257,34.79633301844418,4
32.059850649706824,34.783948818049616,2
32.0828294199495,34.779884641739436,5
32.050019719482535,34.78505189869432,5
32.050019719482535,34.78505189869432,2
32.050919480257086,34.77993708914003,3
32.05052022793346,34.79081461649056,1
32.066339151445725,34.795173486673065,3
32.07937604744218,34.789529948999714,4
32.07937604744218,34.789529948999714,2
32.082450917806895,34.77885561148871,4
32.079822057636946,34.776617924894616,5
32.05124446412839,34.784158152729475,5
32.04980759835303,34.774519488400635,2
32.04980759835303,34.774519488400635,3
32.07449470592726,34.77982893976342,3
32.072500032240534,34.778576486732845,4
32.08130604813158,34.7832835576818,5
32.09133386419587,34.784865009246445,5
32.09133386419587,34.784865009246445,1
32.068897399281454,34.79702722076227,4
32.05617789542911,34.79151591998645,1
32.08839014432858,34.79139855026825,3
32.06859865376292,34.78081283056724,4
32.06859865376292,34.78081283056724,2
32.05825718611655,34.78354600547841,4
32.060049618874295,34.78069319383177,1
32.07578382734413,34.77916903139927,2
32.06768372283482,34.78294290661039,4
32.06768372283482,34.78294290661039,1
32.06025045784729,34.77417856498376,1
32.089631621957615,34.78994253696946,1
32.08631363888974,34.79667697871898,2
32.05086679819146,34.79199476157735,2
32.05086679819146,34.79199476157735,3
32.059110059544274,34.77690828132813,2
32.071184491193314,34.779837731346255,3
32.050907332879234,34.78458386044645,5
32.071077067438814,34.77536357257376,3
32.071077067438814,34.77536357257376,4
32.064266405550434,34.78688982213209,5
32.065862753307535,34.79789796181395,3
32.06560783356081,34.797299962258855,2
32.049960962725066,34.79609048619116,3
32.049960962725066,34.79609048619116,2
32.08538003233751,34.78812654850544,1
32.086555121169084,34.791904415936166,4
32.07371538765522,34.789187730841284,5
32.06756125315089,34.774751263073064,4
32.06756125315089,34.774751263073064,2
32.06758186309245,34.77624743948431,4
32.09046932788527,34.78394677338132,2
32.075753894629834,34.782214915369615,2
32.062057558632624,34.77829052994634,1
32.062057558632624,34.77829052994634,3
32.05802892142807,34.790906947671985,2
32.077341395946576,34.790324255242915,3
32.057200416730126,34.79172438523579,1
32.08497771995418,34.791435732701224,4
32.05392954117758,34.795314439173076,1
32.0718664082656,34.79655283084584,4
32.09426242677182,34.788119054113196,3
32.05126659691495,34.79792100469619,5
32.05126659691495,34.79792100469619,2
32.0589791778782,34.79737022416013,3
32.07126368564072,34.78129437930414,5
32.073553574231106,34.789196060768504,5
32.08915745410316,34.7879053015249,2
32.08915745410316,34.7879053015249,3
32.07202066288557,34.79708673242025,3
32.07442701046125,34.78579946781948,1
32.0592868437569,34.78503309634763,2
32.05953274726645,34.79551570229591,1
32.05953274726645,34.79551570229591,3
32.08605807940717,34.788053451504915,2
32.061428131687386,34.79107782599086,1
32.09087021538702,34.77776324688923,2
32.07661517395592,34.7914451593714,1
32.05471423684795,34.79481320416999,1
32.05724135318274,34.79113240624354,4
32.051319421524525,34.79097170025334,1
32.069433698146575,34.78848146251767,4
32.069433698146575,34.78848146251767,3
32.052545561150154,34.79290286372191,5
32.070781048138464,34.77765125564842,5
32.090455408788124,34.793513803651315,5
32.049644376420595,34.77986824658167,3
32.049644376420595,34.77986824658167,5
32.07759082631241,34.788602045109386,1
32.05590381435005,34.77901360620198,4
32.083075768397165,34.792439292889526,2
32.07568617202411,34.79054575444466,3
32.07568617202411,34.79054575444466,2
32.09011194368434,34.78544840853416,5
32.0584093478297,34.77898945809802,1
32.080753285777966,34.78763818496147,5
32.05513743723082,34.785442212457795,1
32.06402438047271,34.785598533255154,2
32.07332360933325,34.793642651212956,2
32.055740410227564,34.784130029400345,2
32.05125246424741,34.78275390507223,5
32.078617915670044,34.791131182234864,3
32.05481723461518,34.79847813768554,2
32.084475763953634,34.79396424090032,3
32.0524710166804,34.78149979091591,3
32.0524710166804,34.78149979091591,5
32.08690181895921,34.784196703266126,5
32.07973782958731,34.78385409497383,2
32.06123411262865,34.79549346392417,4
32.09320866971736,34.776474772670994,5
32.09320866971736,34.776474772670994,2
32.051288234480914,34.79204052071486,2
32.052920414670396,34.79410923070066,4
32.07041233333683,34.776093266782645,5
32.06991484426742,34.77580882930223,2
32.06991484426742,34.77580882930223,1
32.06952653683295,34.7790370687076,4
32.050253294017104,34.78398600810256,5
32.07327111391332,34.7855558893672,5
32.087308456479825,34.77739881047526,3
32.087308456479825,34.77739881047526,5
32.08058792753008,34.77588266162824,3
32.08377590041395,34.78567989986493,5
32.07375030948637,34.785045465263316,4
32.09280516392746,34.79876027627292,2
32.09280516392746,34.79876027627292,3
32.063983638028326,34.79728218930917,3
32.075766226935805,34.79388566156987,4
32.05351377873819,34.780809142009915,3
32.060933614365766,34.78762367414161,2
32.060933614365766,34.78762367414161,4
32.07558019821345,34.78796313784514,1
32.06209954733852,34.79689027561887,5
32.07778135805205,34.79715283403859,4
32.0529057514286,34.79230333917387,4
32.08215468494659,34.7856075764295,2
32.09291832198378,34.79569118127683,5
32.07405290149813,34.7921990658996,1
32.07718700537095,34.78805477118221,5
32.07718700537095,34.78805477118221,4
32.06135577927013,34.77992921797524,5
32.095259929619324,34.795898959647744,1
32.086068793934615,34.79665610911302,2
32.07764239073536,34.78706127768037,1
32.07764239073536,34.78706127768037,2
32.05757443869419,34.77865499371155,3
32.08692299001154,34.79754240955229,1
32.076282441675126,34.77802336583119,2
32.07426427891629,34.776750297211585,2
32.07426427891629,34.776750297211585,1
32.09061665488809,34.79244934568116,3
32.06737748668813,34.778846681494905,4
32.071444401247284,34.79656205085554,2
32.052585579993554,34.787294647690324,2
32.052585579993554,34.787294647690324,1
32.0840352575542,34.78927935980919,3
32.08476397292449,34.78998736257481,4
32.07346012453402,34.77895057204337,5
32.067504858224034,34.78717370028122,3
32.067504858224034,34.78717370028122,2
32.088563730883855,34.77806651109878,2
32.08304283926349,34.787359658052985,4
32.06055962006782,34.78971702113166,2
32.05693949529139,34.79663022278518,1
32.05662714256514,34.775293108997346,1
32.08129286843512,34.77887367798702,2
32.07118236697903,34.79310474649987,3
32.09085951035556,34.78329605195887,1
32.09085951035556,34.78329605195887,5
32.07475245736442,34.79179409100778,1
32.06892563872274,34.79627930420839,5
32.06542746603198,34.7812262933778,2
32.05041881539184,34.79384828641742,1
32.05041881539184,34.79384828641742,5
32.080123468693884,34.78739599327338,5
32.08051792617324,34.78735055080336,3
32.09267877893001,34.78043252018063,5
32.05959652257095,34.793299279284355,5
32.05959652257095,34.793299279284355,4
32.09181727755835,34.7985108475618,3
32.05685461892111,34.78624624132124,5
32.091390066480955,34.78215785347999,2
32.069751508410484,34.79877876081806,1
32.069751508410484,34.79877876081806,5
32.054579265703545,34.77763057312376,5
32.05680551287545,34.791217990334836,2
32.05232169008524,34.781907576321636,2
32.05460372625967,34.775631416357825,1
32.05460372625967,34.775631416357825,4
32.06975979453882,34.786707052609216,2
32.052548860524716,34.793842374441226,4
32.053521737871314,34.77938239441664,5
32.089423716167815,34.792624265363024,2
32.089423716167815,34.792624265363024,3
32.05875810342141,34.776419687855544,1
32.075074921838336,34.77531688665396,1
32.06927807940837,34.784101429700755,2
32.054058783899066,34.79176670792982,1
32.052900120979004,34.78707589655817,1
32.08680416479926,34.79458160470384,3
32.07666868805145,34.79082980728615,4
32.08352045840888,34.78224758878877,2
32.06832912388514,34.78395492183042,4
32.075867071033436,34.77498301249716,5
32.06701646728445,34.78371380100586,3
32.07794249351741,34.78616054885941,4
32.07794249351741,34.78616054885941,1
32.08775605526037,34.79046082688894,3
32.05756817104158,34.79060195919273,1
32.07983384402146,34.78326655594496,3
32.068484646968024,34.785454949992065,4
32.068484646968024,34.785454949992065,5
32.06871018860385,34.779582518397284,4
32.09474613443373,34.78930857542232,2
32.07789087347464,34.797755020141054,4
32.06262940106107,34.77568606454287,3
32.06262940106107,34.77568606454287,2
32.06407820574429,34.78012976560543,1
32.05176000793103,34.792211326849596,5
32.06393206295784,34.77933221761376,4
32.059069521930965,34.791546614955806,5
32.059069521930965,34.791546614955806,4
32.08473292283694,34.793906553725115,4
32.08748952401061,34.79764297840263,1
32.052381520506835,34.79013767362273,3
32.07288416897617,34.77547874357203,3
32.07288416897617,34.77547874357203,2
32.0791487205819,34.777707530602285,3
32.079189413352346,34.77903410732385,5
32.0782634983657,34.79150141427772,2
32.0598581603331,34.792436547036786,1
32.0598581603331,34.792436547036786,5
32.09030293079912,34.79580493527934,5
32.060238799606395,34.78594140864153,1
32.05099470866702,34.782508096390835,1
32.05444187804673,34.79721628159128,4
32.06274160234698,34.78391869299406,5
32.07833233227341,34.791536256860084,3
32.08864917627611,34.7979796246953,4
32.09026896004382,34.78286438856504,5
32.09026896004382,34.78286438856504,1
32.078825093830716,34.792261058653615,3
32.05205757134957,34.79034630362489,4
32.082377531902274,34.785528076049886,5
32.05872575745182,34.79660375804216,3
32.05872575745182,34.79660375804216,4
32.0499659762916,34.78054169094174,3
32.07858053606903,34.794565153095824,2
32.09058307434682,34.78076898409775,2
32.09494286333374,34.78329640922185,5
32.05397635849069,34.78312443715593,2
32.05804093488674,34.79464275774442,3
32.07556101798283,34.78756397702118,3
32.05077009482367,34.789645098889395,4
32.05077009482367,34.789645098889395,1
32.082731316126115,34.785141491586664,3
32.085327097887266,34.77434442611723,1
32.05430167743993,34.7804916115475,5
32.056302488611735,34.7881400988956,2
32.056302488611735,34.7881400988956,1
32.066356843389784,34.786160145486015,1
32.07897234671233,34.792941050103316,5
32.06734979636217,34.79738806764719,5
32.066581020106135,34.79516617434249,1
32.066581020106135,34.79516617434249,4
32.08091329105248,34.786112275175554,1
32.066024499452375,34.79431325677549,3
32.0938676420848,34.79302131653728,4
32.08630445379121,34.78849005617695,1
32.08630445379121,34.78849005617695,5
32.056781760304716,34.79739885037743,3
32.08161306747363,34.789890882126436,1
32.09476039456793,34.7833679639544,2
32.074425732537684,34.79411622362186,2
32.074425732537684,34.79411622362186,1
32.06962656173828,34.78459546676383,3
32.05922643119446,34.79836743970057,1
32.060409034483804,34.77844772641658,3
32.08390566736344,34.786456558476544,1
32.08390566736344,34.786456558476544,2
32.087216615850586,34.775520617507205,2
32.08817700036248,34.794675427677355,4
32.08643950488027,34.77603141079068,4
32.07933692550413,34.79764338040025,5
32.07933692550413,34.79764338040025,2
32.058638812977755,34.78571436240451,5
32.077033131912195,34.77617161600119,4
32.05460149915631,34.78436302440542,2
32.05021513375449,34.77428770499522,3
32.09315522552413,34.79843764523428,2
32.08752373603833,34.77825397809817,1
32.05073687274821,34.78464431949629,4
32.07946168854156,34.781900815001144,4
32.07946168854156,34.781900815001144,3
32.07389858849113,34.77692407229971,4
32.09578909851334,34.793181287378566,5
32.052488905940706,34.78959759627229,4
32.08715264386333,34.79752912658137,3
32.08715264386333,34.79752912658137,4
32.05146527679225,34.79844990612346,2
32.0914771452821,34.797788600148486,3
32.049680302815695,34.780285131665224,5
32.069428382894195,34.78782307053259,2
32.069428382894195,34.78782307053259,4
32.07423907201764,34.79584020299624,4
32.055972828358996,34.77897995246639,1
32.05483587019693,34.77755052081232,3
32.086178569989656,34.79537186518082,3
32.086178569989656,34.79537186518082,2
32.05503317834212,34.79202530564701,5
32.09284590391014,34.796604880697856,4
32.06712196052313,34.79657070487574,3
32.055381313938355,34.77534725103654,1
32.055381313938355,34.77534725103654,4
32.071931726064875,34.7942512266395,1
32.07243549287883,34.7915036220859,5
32.08562227261456,34.78720021254074,2
32.09463112042855,34.79508063172823,2
32.09463112042855,34.79508063172823,3
32.07209939770354,34.77854632293512,2
32.0559417653926,34.79317757085919,3
32.07675048304361,34.79337081573299,3
32.076552117178785,34.78711993787106,4
32.076552117178785,34.78711993787106,2
32.09347253575909,34.7910199475016,4
32.08397247425264,34.781038616178776,2
32.09164147813416,34.7868296073969,4
32.073756447279685,34.79599247653298,4
32.073756447279685,34.79599247653298,3
32.0500283943123,34.78053023375241,3
32.06624009351116,34.797487005009884,3
32.06587131163683,34.77403150807858,4
32.0732109372574,34.796059684895354,3
32.0732109372574,34.796059684895354,5
32.05369471254195,34.7812983491183,4
32.089718638659186,34.780701317629116,3
32.0872410140529,34.79818968505279,4
32.06606527718683,34.775230020690486,2
32.06606527718683,34.775230020690486,1
32.06725052892439,34.798325435326845,4
32.08060906947375,34.77699581535195,2
32.05434863747892,34.78370607894209,2
32.059500761272,34.78160354372043,2
32.059500761272,34.78160354372043,5
32.05426886662463,34.7886462370647,4
32.050175989550475,34.77449732007903,4
32.09059656568393,34.790190275846626,4
32.066192718680554,34.78202889680852,3
32.07300553678283,34.7800301235025,3
32.09179199000639,34.77877836912785,3
32.08966995300305,34.78803985595926,3
32.0826149828962,34.791199983027674,3
32.06434893062361,34.77973608549863,3
32.058448466363096,34.77867598236968,2
32.070160838928075,34.79412085952598,5
32.08941571501787,34.781969834130585,4
32.08941571501787,34.781969834130585,1
32.05842298021952,34.78680909854741,4
32.05851715277849,34.78719900591411,1
32.08803956790853,34.79815550786902,5
32.072398596533695,34.7778276861543,3
32.072398596533695,34.7778276861543,4
32.08601505377965,34.777706790981384,2
32.09091743482746,34.79184866865495,5
32.083181693514895,34.777690226948316,5
32.07687125136611,34.79186113890566,5
32.07687125136611,34.79186113890566,2
32.076599667330754,34.79789068118973,3
32.050294329308514,34.79632576887096,5
32.08772246447517,34.79311616785193,4
32.06653339736423,34.789932805633825,3
32.06653339736423,34.789932805633825,4
32.08552561718658,34.783124508862684,3
32.07975182148024,34.79710361901274,1
32.059594616681764,34.796339097623466,2
32.06260552714207,34.787193668063445,4
32.065211553749315,34.7796173228823,4
32.06413265855823,34.79336031188367,4
32.091820538704425,34.77599052626861,2
32.06557984455771,34.78202588257659,3
32.06557984455771,34.78202588257659,2
32.07258859209999,34.79478273774682,3
32.09303530743982,34.795326721133556,5
32.07977278197862,34.79127071254626,4
32.09490299018949,34.79715999896256,2
32.09490299018949,34.79715999896256,1
32.066200541962324,34.7931981463635,2
32.07914592805856,34.794168679226196,2
32.06634801680776,34.77612461961119,2
32.068176914148516,34.7881024412138,5
32.068176914148516,34.7881024412138,4
32.05845195707928,34.78969290215096,5
32.06586978992217,34.788587466397956,5
32.095731395716285,34.78302762061776,3
32.05230252675691,34.7942381955743,1
32.05826665736001,34.79434504827544,4
32.089673610246855,34.79045920785328,1
32.063993753196314,34.783497225620316,4
32.07433751078649,34.79767342573533,3
32.07433751078649,34.79767342573533,2
32.05494147289961,34.795603062426046,4
32.07366024050804,34.78710987347666,2
32.095146823738176,34.78635485151474,4
32.087289178525864,34.79689644652715,3
32.087289178525864,34.79689644652715,1
32.07561720377363,34.789881447871316,5
32.0501945283745,34.778707163580286,4
32.08128514500674,34.78856238929303,2
32.06977980168795,34.7931939235956,3
32.06957481611004,34.77794288605902,4
32.06738893934222,34.78338593373347,2
32.071841393320504,34.785948043583005,1
32.07196093233669,34.790907128142685,4
32.07196093233669,34.790907128142685,3
32.07504873631161,34.778590726247025,3
32.093732195519046,34.79107670278244,4
32.06484109774795,34.79851778822074,3
32.095298318557575,34.77833856581203,3
32.095298318557575,34.77833856581203,2
32.09502271003268,34.7966635890858,5
32.090674728037555,34.79777858374503,2
32.09489643633479,34.79209192459793,1
32.090380022033955,34.78507932553024,2
32.07361619927462,34.792573278214725,2
32.08029356839499,34.77706658664474,1
32.05255940389951,34.77870634905207,5
32.095156109114455,34.7842301050368,3
32.095156109114455,34.7842301050368,4
32.0523307007958,34.77875958639093,2
32.09385893021778,34.797614424766046,5
32.07775082304326,34.79778916834456,3
32.06794529274082,34.79613236398366,5
32.06794529274082,34.79613236398366,2
32.08376118231772,34.78372478770264,4
32.08407526014491,34.778699021212475,3
32.09304928756155,34.79553917895207,5
32.06231129124069,34.782376563699344,3
32.06231129124069,34.782376563699344,5
32.0551507513549,34.79314743068092,1
32.07525114092884,34.79568874977116,2
32.08467579819558,34.77786527057745,1
32.07618471801533,34.791225389733796,1
32.09560531596386,34.79725835455028,1
32.06881007660307,34.794750984901405,3
32.06491020621143,34.7887982195687,3
32.06479103410718,34.78818520091916,5
32.08963547750069,34.78702188748344,5
32.0739030001315,34.78804704470255,3
32.06495847798302,34.7788306586086,2
32.08446486350063,34.79576232703983,1
32.05483339287573,34.776337312611865,2
32.05271938573593,34.78489409437732,5
32.08395940874609,34.79239449182576,2
32.08125309108397,34.78118866129864,2
32.08125309108397,34.78118866129864,4
32.095536270943136,34.79351998190785,5
32.095663902510644,34.7969811784097,2
32.06681157732637,34.79739545597169,1
32.059126309838774,34.797305038325376,4
32.059126309838774,34.797305038325376,2
32.090041695139135,34.77809176671095,3
32.060633684071774,34.79035614529974,1
32.0529707301122,34.79670925616587,4
32.09133941965954,34.78304739487418,2
32.09133941965954,34.78304739487418,5
32.088962182790674,34.78365005018123,5
32.06142482374026,34.7853579800911,5
32.08295527143331,34.78553791340495,1
32.0892593233572,34.775557596087395,2
32.0892593233572,34.775557596087395,1
32.08572913441729,34.79022862397718,3
32.0522488930312,34.78295629824512,1
32.0902079760602,34.78081214431062,1
32.09220273978302,34.79624478690456,2
32.09220273978302,34.79624478690456,3
32.08140621046732,34.7775992417058,3
32.05243198635619,34.79686604232864,2
32.063412717226576,34.779924993879746,2
32.07038807941426,34.79735160584354,5
32.072804254327245,34.783015741399296,1
32.08201075808076,34.7840293210896,5
32.08619356305601,34.78678455997075,3
32.07493171569443,34.79395475604172,3
32.07493171569443,34.79395475604172,1
32.05506892731505,34.78524061107547,5
32.06595049871286,34.781128184435,3
32.06113267872796,34.786841345540594,4
32.087295527487406,34.785337534231516,2
32.087295527487406,34.785337534231516,4
32.06287854949122,34.79309757556835,5
32.05377055402446,34.78158230558193,4
32.07314990407543,34.790641117780005,4
32.08404744583408,34.775616367401824,4
32.08404744583408,34.775616367401824,5
32.072276033379694,34.77739389020768,3
32.08555566632488,34.78522966047646,1
32.08822405655723,34.78670130592869,1
32.0730578664466,34.795683358759426,1
32.0730578664466,34.795683358759426,4
32.06917593854257,34.79417072129265,5
32.0916698132259,34.77902665500562,5
32.070532958388355,34.77450119307502,2
32.089780511218684,34.79877697336799,3
32.05727989647743,34.77958780934855,3
32.0945676908029,34.78886463086131,3
32.05466058651077,34.788862306369985,2
32.082117490829134,34.79696813262963,3
32.082117490829134,34.79696813262963,1
32.07293656312486,34.79112922553169,1
32.08925087164611,34.784190554817336,5
32.08357386163879,34.797557747083346,4
32.06851632376563,34.794047898573886,1
32.0663903314675,34.796841699702945,5
32.06134152531446,34.7967048148884,4
32.07577591713215,34.79028115099232,4
32.070174447909146,34.77722124915364,3
32.070174447909146,34.77722124915364,2
32.094711070156265,34.79866293837046,5
32.07142057037613,34.784605061116345,5
32.08746059132279,34.780260560412216,2
32.05034390667075,34.78512309890551,5
32.05034390667075,34.78512309890551,1
32.076056336500066,34.797671773350515,5
32.054523455701705,34.77921306859014,2
32.05277990770077,34.78588774782885,4
32.06449871731438,34.79096478712895,3
32.06449871731438,34.79096478712895,1
32.06960778835259,34.792603829903726,5
32.094208052143166,34.789165285322554,1
32.05628080232302,34.79127378366051,1
32.080350840316584,34.793071674256765,1
32.080350840316584,34.793071674256765,2
32.07340322520137,34.786845814681584,2
32.07590657190669,34.77848474094286,4
32.065464016056325,34.781188469132324,2
32.05254262679616,34.776198221797316,5
32.05254262679616,34.776198221797316,1
32.07153136298375,34.78588402869388,1
32.078974882102536,34.7835771093573,1
32.07353572405032,34.79114457525326,2
32.06660278921252,34.77411691266459,4
32.06660278921252,34.77411691266459,3
32.06736615915315,34.78259187331603,2
32.072364640076444,34.78101756850459,4
32.08931810804843,34.79223979311643,4
32.07511375786876,34.78017862361144,1
32.07511375786876,34.78017862361144,2
32.049978471739514,34.798428166660784,4
32.09438932642839,34.77573407426533,5
32.06393363771145,34.77806404459572,2
32.068110137902735,34.78587172917979,5
32.068110137902735,34.78587172917979,1
32.065347517337784,34.775890512776456,3
32.06334633767915,34.781776641068646,4
32.079464738807275,34.79683028677849,1
32.08777800551738,34.797053847487085,5
32.08777800551738,34.797053847487085,4
32.092800532624565,34.78718570178583,5
32.07545746881346,34.77992994192102,2
32.07669106042407,34.79111407094551,5
32.06431310917633,34.78686632938175,3
32.06431310917633,34.78686632938175,2
32.08670054600297,34.7944354588178,3
32.08345053850324,34.774082171747,4
32.05137847569752,34.77825209422707,2
32.08315549709982,34.78504381972573,2
32.08315549709982,34.78504381972573,5
32.08671088266703,34.7769682111252,1
32.067404224483184,34.785965088406456,3
32.06262794619883,34.778777582255145,3
32.07869397099626,34.78326606402441,5
32.07869397099626,34.78326606402441,1
32.070110034237764,34.77892451139038,2
32.06905163177766,34.79606529040098,3
32.050815916327345,34.785094147702466,4
32.08367010906821,34.797636275252685,3
32.08367010906821,34.797636275252685,4
32.07865441852816,34.789481777883374,2
32.050142299681205,34.77817103444109,1
32.07783045655413,34.786974670483076,5
32.09477735630656,34.79686342581634,1
32.09477735630656,34.79686342581634,2
32.07099282783841,34.79425949737614,3
32.06521247700872,34.784756996105585,5
32.071744277896684,34.77516189020084,2
32.089741021124986,34.790680774702,5
32.089741021124986,34.790680774702,3
32.0792634572353,34.79400914703481,3
32.06927859854219,34.781747831775164,3
32.08986727557876,34.78907849794154,1
32.07704034536424,34.7925914913397,2
32.07704034536424,34.7925914913397,1
32.06923145236808,34.796239586671966,2
32.056628447216326,34.77910880676748,1
32.08753214916218,34.777103199268424,3
32.074250328191894,34.79346393838164,5
32.074250328191894,34.79346393838164,4
32.069603831852085,34.78626978392029,3
32.06026132424547,34.78787743078584,3
32.053272396460244,34.77708295315605,1
32.059657235030436,34.797458952661444,1
32.09236143824469,34.77598079864523,2
32.081094596513985,34.79499900501188,2
32.052756592077635,34.7983457634161,3
32.08253708130288,34.77822123818517,4
32.08253708130288,34.77822123818517,1
32.067702785425986,34.776365130027465,3
32.06032683823072,34.776476871450456,2
32.088648482385764,34.7863009007402,5
32.06539983889042,34.77556427768915,5
32.06539983889042,34.77556427768915,4
32.09034586812753,34.788190951734485,3
32.08712369475574,34.777122659663085,4
32.084011319257584,34.78734476020676,3
32.068071691400846,34.78845058588393,1
32.068071691400846,34.78845058588393,5
32.061446677224424,34.78677103986569,2
32.08669986499694,34.79650971678419,2
32.0874859593023,34.77930210097767,5
32.05879496563664,34.77435675746338,3
32.05879496563664,34.77435675746338,1
32.06569016245699,34.79206744588041,5
32.08335162715336,34.787937031651936,5
32.05899038989846,34.79401326529304,4
32.09107384911809,34.78612007155013,2
32.08765906091284,34.79063035265935,2
32.08631930601239,34.778874586752565,3
32.05683632930652,34.781916733143916,5
32.05456322137393,34.79003414723627,5
32.05456322137393,34.79003414723627,2
32.056537624028756,34.77987105138073,4
32.08833716058858,34.77484388005866,4
32.07946562688952,34.79832436634461,3
32.08524980683297,34.78852378062375,3
32.08524980683297,34.78852378062375,4
32.06218397514421,34.7776616292652,1
32.07352274683511,34.778689943567905,3
32.09208302566507,34.78714838005303,4
32.084235981643836,34.78142340875673,3
32.084235981643836,34.78142340875673,2
32.07301854035715,34.79816534780141,5
32.074170940017204,34.77476920238594,5
32.08543006142026,34.777678788524554,4
32.07123623524067,34.77658026511372,1
32.07123623524067,34.77658026511372,2
32.0578371746207,34.77883385558408,4
32.07658577321993,34.77553867223069,1
32.06244721727989,34.7965061338616,1
32.07181350056332,34.77788349158607,4
32.07181350056332,34.77788349158607,1
32.066236402326965,34.79058140241237,5
32.05758784091205,34.79674447114228,4
32.08211379510241,34.791922596058164,5
32.054290031875624,34.778286977505005,3
32.054290031875624,34.778286977505005,4
32.0899115487365,34.78699470901303,5
32.07107190735688,34.77750567529049,1
32.0873049717056,34.786484775150576,4
32.07047506660656,34.78313424440865,1
32.07047506660656,34.78313424440865,3
32.09029774835655,34.795898307081885,5
32.07212757221225,34.79306505025749,3
32.0500923619646,34.774120169915825,4
32.07764407919585,34.78369995506655,1
32.07764407919585,34.78369995506655,4
32.09169730133584,34.77650185429418,1
32.06532299309756,34.797442469364086,2
32.069122986184205,34.79812794465464,3
32.05437285895503,34.798548586645346,4
32.05437285895503,34.798548586645346,5
32.05231714429689,34.79222889514412,2
32.05525194167571,34.77421327174796,1
32.06952345267177,34.7754696238104,3
32.05403454872681,34.77730305944886,3
32.06739264510927,34.787017404332175,4
32.06680587483141,34.79646402602907,5
32.06953265593441,34.78622990476095,5
32.06881429125649,34.784726575281375,4
32.06881429125649,34.784726575281375,3
32.081461788898324,34.79617808650207,5
32.0869874781791,34.79215649947029,3
32.06942168618563,34.7741705639126,5
32.063821542892754,34.791741332174226,4
32.063821542892754,34.791741332174226,2
32.07232917515821,34.795706396382144,4
32.08780781335806,34.792587490480095,2
32.05620761039359,34.7938750822246,3
32.06447838463329,34.797025511180955,1
32.06015402997627,34.793748957022466,1
32.09519141038915,34.798033824402154,5
32.06758962703325,34.77782926943873,3
32.09107934043767,34.79520389556589,5
32.09107934043767,34.79520389556589,3
32.09487835108836,34.77645843662056,3
32.071216419712854,34.78588309381464,4
32.05125912368736,34.78959063769441,5
32.07133305986672,34.781248659192386,1
32.07133305986672,34.781248659192386,2
32.092712007275125,34.79762446826313,3
32.08015788971583,34.77629699681765,4
32.068471517443356,34.777017118604206,3
32.06320794999332,34.79021228549903,3
32.08740239295526,34.78670286855671,2
32.05118008516889,34.78548776603436,3
32.06151699356891,34.78194812286944,3
32.059934101980815,34.79717016017275,3
32.059934101980815,34.79717016017275,5
32.060061913325036,34.77622076538103,2
32.051530433824794,34.7934504495552,2
32.09148809840131,34.779893082116615,5
32.07385832441422,34.79223170606127,5
32.05918396608322,34.787030325012836,3
32.05165626059273,34.77953266553081,4
32.087508179626866,34.79614009885844,1
32.07802050327516,34.777861845404416,2
32.07802050327516,34.777861845404416,4
32.06727039555176,34.78329155078857,2
32.057828770214705,34.79165169934375,3
32.05475599053459,34.78256135148694,3
32.06841073097707,34.77862401507874,4
